<publishData>
  <publishTarget publishUrl="D:\publish\">
    <file relUrl="Global.asax" publishTime="02/15/2012 14:41:16" />
    <file relUrl="bin/Bee.Security.dll" publishTime="03/29/2012 14:03:09" />
    <file relUrl="tree.htm" publishTime="03/06/2012 16:14:47" />
    <file relUrl="Index.htm" publishTime="03/27/2012 11:15:53" />
    <file relUrl="bin/Bee.Core.pdb" publishTime="03/29/2012 14:03:06" />
    <file relUrl="Web.config" publishTime="03/07/2012 13:32:43" />
    <file relUrl="dialog.htm" publishTime="02/27/2012 09:25:28" />
    <file relUrl="bin/Bee.Security.pdb" publishTime="03/29/2012 14:03:09" />
    <file relUrl="bin/Bee.Core.dll" publishTime="03/29/2012 14:03:06" />
    <file relUrl="App_Data/AuthDB.db" publishTime="03/05/2012 16:52:37" />
    <file relUrl="validate.htm" publishTime="03/04/2012 19:54:56" />
    <file relUrl="datepicker.htm" publishTime="02/24/2012 13:04:47" />
    <file relUrl="Default.aspx" publishTime="02/16/2012 09:27:28" />
  </publishTarget>
</publishData>