﻿<?xml version="1.0" encoding="utf-8"?>
<PageSettings>
  <!--首页-->
  <Page PageURL="~/Default" PageName="首页" Id="1" Type="Main" TypeName="首页" IsHtml="true" IsUrlReWrite="false"></Page>
  <Page PageURL="~/Error" PageName="错误页" Id="2" Type="Main" TypeName="首页" IsHtml="true" IsUrlReWrite="false"></Page>
  <Page PageURL="~/CraftKnowledge/technology" Id="3" PageName="工艺概况" Type="Main" TypeName="首页" IsHtml="true" IsUrlReWrite="false"></Page>
  <Page PageURL="~/AboutUs" PageName="关于我们" Id="4" Type="Main" TypeName="首页" IsHtml="true" IsUrlReWrite="false"></Page>
  <!--产品-->
  <Page PageURL="~/Product/NongeneticProduct" Id="5" PageName="非遗作品" Type="Product" TypeName="产品" IsHtml="true" IsUrlReWrite="false"></Page>
  <Page PageURL="~/Product/Product" Id="6" PageName="产品详情" Type="Product" TypeName="产品" IsHtml="true" IsUrlReWrite="false"></Page>
  <!--留言-->
  <Page PageURL="~/Comments/WebComment" Id="7" PageName="总站留言" Type="Comments" TypeName="评论" IsHtml="true" IsUrlReWrite="false"></Page>
  <!--企业-->
  <Page PageURL="~/Company/CompanyInfo" Id="8" PageName="前台_企业信息页面" Type="Company" TypeName="前台_企业" IsHtml="true" IsUrlReWrite="false"></Page>
  <Page PageURL="~/Company/CompanyLogin" Id="9" PageName="前台_企业登录" Type="Company" TypeName="前台_企业" IsHtml="true" IsUrlReWrite="false"></Page>
  <Page PageURL="~/Company/CompanyRegister" Id="10" PageName="前台_企业注册" Type="Company" TypeName="前台_企业" IsHtml="true" IsUrlReWrite="false"></Page>
  <!--企业空间-->
  <Page PageURL="~/CompanyZone/AddProduct" Id="11" PageName="企业空间_添加产品" Type="CompanyZone" TypeName="企业空间" IsHtml="true" IsUrlReWrite="false"></Page>
  <Page PageURL="~/CompanyZone/ChangePwd" Id="12" PageName="企业空间_修改密码" Type="CompanyZone" TypeName="企业空间" IsHtml="true" IsUrlReWrite="false"></Page>
  <Page PageURL="~/CompanyZone/CompanyInfo" Id="13" PageName="企业空间_信息管理" Type="CompanyZone" TypeName="企业空间" IsHtml="true" IsUrlReWrite="false"></Page>
  <Page PageURL="~/CompanyZone/CompanyPic" Id="14" PageName="企业空间_图片管理" Type="CompanyZone" TypeName="企业空间" IsHtml="true" IsUrlReWrite="false"></Page>
  <Page PageURL="~/CompanyZone/EmailChecking" Id="15" PageName="企业空间_邮箱验证" Type="CompanyZone" TypeName="企业空间" IsHtml="true" IsUrlReWrite="false"></Page>
  <Page PageURL="~/CompanyZone/ForgetSercret" Id="16" PageName="企业空间_忘记密码" Type="CompanyZone" TypeName="企业空间" IsHtml="true" IsUrlReWrite="false"></Page>
  <Page PageURL="~/CompanyZone/ProductManage" Id="17" PageName="企业空间_产品管理" Type="CompanyZone" TypeName="企业空间" IsHtml="true" IsUrlReWrite="false"></Page>
  <Page PageURL="~/CompanyZone/ProductPicManage" Id="18" PageName="企业空间_产品图片管理" Type="CompanyZone" TypeName="企业空间" IsHtml="true" IsUrlReWrite="false"></Page>
  <Page PageURL="~/CompanyZone/Reward" Id="19" PageName="企业空间_获奖信息管理" Type="CompanyZone" TypeName="企业空间" IsHtml="true" IsUrlReWrite="false"></Page>
  <!--大师-->
  <Page PageURL="~/Master/MasterInfo" Id="20" PageName="前台_大师信息" Type="Master" TypeName="前台_大师" IsHtml="true" IsUrlReWrite="false"></Page>
  <Page PageURL="~/Master/MasterLogin" Id="21" PageName="前台_大师登录" Type="Master" TypeName="前台_大师" IsHtml="true" IsUrlReWrite="false"></Page>
  <Page PageURL="~/Master/MasterRegister" Id="22" PageName="前台_大师注册" Type="Master" TypeName="前台_大师" IsHtml="true" IsUrlReWrite="false"></Page>
  <!--大师空间-->
  <Page PageURL="~/MasterZone/AddProduct" Id="23" PageName="大师空间_添加产品" Type="MasterZone" TypeName="大师空间" IsHtml="true" IsUrlReWrite="false"></Page>
  <Page PageURL="~/MasterZone/ChangePwd" Id="24" PageName="大师空间_修改密码" Type="MasterZone" TypeName="大师空间" IsHtml="true" IsUrlReWrite="false"></Page>
  <Page PageURL="~/MasterZone/MasterInfo" Id="25" PageName="大师空间_信息管理" Type="MasterZone" TypeName="大师空间" IsHtml="true" IsUrlReWrite="false"></Page>
  <Page PageURL="~/MasterZone/EmailChecking" Id="26" PageName="大师空间_邮箱验证" Type="MasterZone" TypeName="大师空间" IsHtml="true" IsUrlReWrite="false"></Page>
  <Page PageURL="~/MasterZone/ForgetSercret" Id="27" PageName="大师空间_忘记密码" Type="MasterZone" TypeName="大师空间" IsHtml="true" IsUrlReWrite="false"></Page>
  <Page PageURL="~/MasterZone/ProductManage" Id="28" PageName="大师空间_产品管理" Type="MasterZone" TypeName="大师空间" IsHtml="true" IsUrlReWrite="false"></Page>
  <Page PageURL="~/MasterZone/ProductPicManage" Id="29" PageName="大师空间_产品图片管理" Type="MasterZone" TypeName="大师空间" IsHtml="true" IsUrlReWrite="false"></Page>
  <Page PageURL="~/MasterZone/Reward" Id="30" Type="MasterZone" TypeName="大师空间" PageName="大师空间_获奖信息管理" IsHtml="true" IsUrlReWrite="false"></Page>
  <!--会员空间-->
  <Page PageURL="~/Member/ChangeSercret" Id="31" PageName="会员空间_修改密码" Type="Member" TypeName="会员空间" IsHtml="true" IsUrlReWrite="false"></Page>
  <Page PageURL="~/Member/Collection" Id="32" PageName="会员空间_收藏夹" Type="Member" TypeName="会员空间" IsHtml="true" IsUrlReWrite="false"></Page>
  <Page PageURL="~/Member/ComfirmGetGoods" Id="33" PageName="会员空间_确认收货" Type="Member" TypeName="会员空间" IsHtml="true" IsUrlReWrite="false"></Page>
  <Page PageURL="~/Member/EmailChecking" Id="34" PageName="会员空间_邮箱验证" Type="Member" TypeName="会员空间" IsHtml="true" IsUrlReWrite="false"></Page>
  <Page PageURL="~/Member/ForgetSercret" Id="35" PageName="会员空间_忘记密码" Type="Member" TypeName="会员空间" IsHtml="true" IsUrlReWrite="false"></Page>
  <Page PageURL="~/Member/MemberInfo" Id="36" PageName="会员空间_会员信息" Type="Member" TypeName="会员空间" IsHtml="true" IsUrlReWrite="false"></Page>
  <Page PageURL="~/Member/MemberLogin" Id="37" PageName="会员空间_登录" Type="Member" TypeName="会员空间" IsHtml="true" IsUrlReWrite="false"></Page>
  <Page PageURL="~/Member/MemberOrders" Id="38" PageName="会员空间_下单" Type="Member" TypeName="会员空间" IsHtml="true" IsUrlReWrite="false"></Page>
  <Page PageURL="~/Member/OrderDetail" Id="39" PageName="会员空间_订单明细" Type="Member" TypeName="会员空间" IsHtml="true" IsUrlReWrite="false"></Page>
  <Page PageURL="~/Member/OrderManage" Id="40" PageName="会员空间_订单管理" Type="Member" TypeName="会员空间" IsHtml="true" IsUrlReWrite="false"></Page>
  <Page PageURL="~/Member/PayAliPay" Id="41" PageName="会员空间_支付管理" Type="Member" TypeName="会员空间" IsHtml="true" IsUrlReWrite="false"></Page>
  <Page PageURL="~/Member/PayCallBack" Id="42" PageName="会员空间_支付回调" Type="Member" TypeName="会员空间" IsHtml="true" IsUrlReWrite="false"></Page>
  <Page PageURL="~/Member/ProductComment" Id="43" PageName="会员空间_产品评论" Type="Member" TypeName="会员空间" IsHtml="true" IsUrlReWrite="false"></Page>
  <Page PageURL="~/Member/RegisterMember" Id="44" PageName="会员空间_注册会员" Type="Member" TypeName="会员空间" IsHtml="true" IsUrlReWrite="false"></Page>
  <Page PageURL="~/Member/ShopingCart" Id="45" PageName="会员空间_购物车" Type="Member" TypeName="会员空间" IsHtml="true" IsUrlReWrite="false"></Page>
</PageSettings>